num_envs,policy_lr,value_lr,gamma,gae_lambda,final_reward
4,0.001,0.0001,0.999,0.99,172.76240389460122
4,0.001,0.0001,0.99,0.99,166.70834657382966
4,0.001,0.003,0.99,0.99,164.79327617561736
4,0.001,0.001,0.999,0.99,164.13964728424716
4,0.001,0.003,0.999,0.95,163.0652849303378
4,0.001,0.003,0.999,0.9,160.36867925861122
4,0.001,0.001,0.99,0.99,159.5787303462937
4,0.001,0.0001,0.999,0.95,159.09602292436514
4,0.001,0.003,0.999,0.99,158.89733596993315
4,0.001,0.003,0.99,0.9,158.4914995848135
4,0.001,0.001,0.999,0.95,158.47553548217883
4,0.001,0.003,0.95,0.99,158.37724169555761
4,0.001,0.003,0.99,0.95,156.1539701456516
4,0.001,0.001,0.999,0.9,155.83511647885476
4,0.001,0.001,0.99,0.95,155.5945676948384
4,0.001,0.0001,0.99,0.95,155.1249784527304
4,0.001,0.001,0.95,0.99,153.39189147702476
4,0.001,0.0001,0.99,0.9,151.740663019089
4,0.001,0.001,0.95,0.95,150.8283922768575
4,0.001,0.0001,0.999,0.9,149.81038790150495
4,0.001,0.003,0.95,0.95,149.38607149645173
4,0.001,0.003,0.95,0.9,148.51262598603265
4,0.001,0.0001,0.95,0.99,142.87785556812818
4,0.001,0.0001,0.95,0.95,142.63014892719363
4,0.001,0.001,0.95,0.9,139.89254042444162
4,0.001,0.001,0.99,0.9,139.8865628755179
4,0.001,0.0001,0.95,0.9,134.26371755330902
8,0.001,0.003,0.99,0.95,109.86459115136873
8,0.001,0.003,0.99,0.9,109.16832312303373
8,0.001,0.001,0.999,0.95,109.07883793351547
8,0.001,0.003,0.95,0.9,105.86245521341326
8,0.001,0.001,0.99,0.9,105.6160339259129
8,0.001,0.001,0.99,0.99,105.54484590375003
8,0.001,0.0001,0.95,0.99,105.39440632131864
8,0.001,0.003,0.999,0.99,105.07300528193652
8,0.001,0.001,0.95,0.9,104.42809814647417
8,0.001,0.0001,0.999,0.99,103.81787288270363
8,0.001,0.001,0.99,0.95,103.79775067192837
8,0.001,0.0001,0.95,0.95,103.78625301925773
8,0.001,0.0001,0.99,0.99,103.31709727266951
8,0.001,0.003,0.999,0.95,103.22863914745622
8,0.001,0.0001,0.999,0.95,103.1553499133305
8,0.001,0.001,0.95,0.99,103.0886101005955
8,0.001,0.003,0.99,0.99,102.9904022840813
8,0.001,0.0001,0.95,0.9,102.72052748344129
8,0.001,0.003,0.95,0.95,102.3755037919011
8,0.001,0.001,0.999,0.9,102.21417775669839
8,0.001,0.0001,0.99,0.9,102.09684832215336
8,0.001,0.001,0.999,0.99,101.83886565774327
8,0.001,0.001,0.95,0.95,101.64367583505886
8,0.001,0.003,0.95,0.99,100.27649318508502
8,0.001,0.003,0.999,0.9,100.258411462001
8,0.001,0.0001,0.999,0.9,100.10486340931419
8,0.001,0.0001,0.99,0.95,99.83889668183363
4,0.0003,0.003,0.95,0.95,65.88710777285691
4,0.0003,0.003,0.99,0.9,64.88412231794715
4,0.0003,0.001,0.95,0.95,63.94151792760362
4,0.0003,0.0001,0.99,0.95,63.41676150540733
4,0.0003,0.003,0.95,0.99,63.25388449560673
4,0.0003,0.0001,0.95,0.9,63.25350810896471
4,0.0003,0.003,0.95,0.9,62.969660105808344
4,0.0003,0.001,0.99,0.9,62.310813304776076
4,0.0003,0.003,0.999,0.99,62.07615951119849
4,0.0003,0.001,0.95,0.99,62.03142664796742
4,0.0003,0.0001,0.99,0.99,61.94549398031901
4,0.0003,0.001,0.99,0.95,61.40338865448428
4,0.0003,0.001,0.95,0.9,61.322340445761
4,0.0003,0.0001,0.999,0.99,61.20182376191997
4,0.0003,0.003,0.99,0.99,60.910304534236786
4,0.0003,0.001,0.999,0.9,60.54604573076945
4,0.0003,0.001,0.999,0.99,60.429543690009375
4,0.0003,0.0001,0.95,0.95,60.14680207627751
4,0.0003,0.003,0.999,0.9,59.684697315257324
4,0.0003,0.0001,0.999,0.9,59.59340662111569
4,0.0003,0.001,0.99,0.99,59.58653865211494
4,0.0003,0.003,0.99,0.95,59.44645874228468
4,0.0003,0.0001,0.95,0.99,59.40446313927893
4,0.0003,0.0001,0.999,0.95,58.82629647648162
4,0.0003,0.003,0.999,0.95,58.4553080340712
4,0.0003,0.0001,0.99,0.9,57.30326404832178
4,0.0003,0.001,0.999,0.95,56.87869230347444
16,0.001,0.0001,0.99,0.99,48.99491715912525
16,0.001,0.003,0.99,0.95,48.98287197702394
16,0.001,0.001,0.99,0.95,47.52785902014163
16,0.001,0.0001,0.99,0.95,47.43231500250879
16,0.001,0.003,0.99,0.99,47.201336393017684
16,0.001,0.003,0.99,0.9,47.17532929930767
16,0.001,0.003,0.999,0.95,46.53424459988955
16,0.001,0.003,0.95,0.99,46.01728135411844
16,0.001,0.001,0.95,0.95,45.4733068767935
16,0.001,0.0001,0.999,0.95,45.40099121495349
16,0.001,0.003,0.95,0.95,45.168061625638174
16,0.001,0.0001,0.999,0.99,45.13260658797991
16,0.001,0.0001,0.999,0.9,44.97447288869369
16,0.001,0.0001,0.99,0.9,44.47613514050181
16,0.001,0.003,0.999,0.99,43.966067402764814
16,0.001,0.001,0.95,0.99,43.70799183644622
16,0.001,0.003,0.999,0.9,43.17264202889614
16,0.001,0.001,0.99,0.9,43.03252720001731
16,0.001,0.0001,0.95,0.9,42.4847872867492
16,0.001,0.001,0.999,0.99,42.1049685418503
16,0.001,0.0001,0.95,0.95,41.99274478727753
16,0.001,0.001,0.95,0.9,41.3723715125747
16,0.001,0.0001,0.95,0.99,41.29978240546763
16,0.001,0.001,0.99,0.99,41.234273454565994
16,0.001,0.001,0.999,0.9,40.91014260518105
16,0.001,0.003,0.95,0.9,39.6829466381393
16,0.001,0.001,0.999,0.95,38.94532307446048
8,0.0003,0.0001,0.95,0.9,32.111003493333534
8,0.0003,0.001,0.99,0.9,30.431974586570327
8,0.0003,0.0001,0.999,0.95,29.7024039004902
8,0.0003,0.001,0.95,0.95,29.13765585947567
8,0.0003,0.003,0.999,0.99,28.232150401784203
8,0.0003,0.003,0.95,0.95,28.198580151484148
8,0.0003,0.001,0.999,0.95,27.824285522508195
8,0.0003,0.003,0.95,0.9,27.515098483910254
8,0.0003,0.0001,0.95,0.95,27.42073221438665
8,0.0003,0.0001,0.95,0.99,27.411528527339648
8,0.0003,0.003,0.99,0.99,27.375693897950082
8,0.0003,0.0001,0.99,0.99,27.35737559024286
8,0.0003,0.001,0.95,0.99,27.28116017602453
8,0.0003,0.003,0.999,0.95,27.275031948207506
8,0.0003,0.0001,0.999,0.99,27.26214701961596
8,0.0003,0.001,0.99,0.95,27.15551132436396
8,0.0003,0.003,0.999,0.9,27.10392717289431
8,0.0003,0.0001,0.99,0.95,26.733257866095464
8,0.0003,0.003,0.95,0.99,26.720211155862707
8,0.0003,0.001,0.999,0.99,26.716807895392115
8,0.0003,0.003,0.99,0.95,26.600001240707023
8,0.0003,0.001,0.95,0.9,26.550670266530286
8,0.0003,0.0001,0.99,0.9,26.406883524849306
8,0.0003,0.0001,0.999,0.9,26.374571877306984
8,0.0003,0.003,0.99,0.9,26.26207000203054
8,0.0003,0.001,0.99,0.99,25.797570992769224
8,0.0003,0.001,0.999,0.9,25.494265158918086
4,0.0001,0.001,0.99,0.99,24.480148265556796
4,0.0001,0.001,0.99,0.95,23.920241779999763
4,0.0001,0.0001,0.95,0.9,23.546046020865603
4,0.0001,0.003,0.99,0.95,23.22107314313502
4,0.0001,0.003,0.999,0.95,22.83124007112758
4,0.0001,0.003,0.999,0.99,22.80531906244474
4,0.0001,0.003,0.95,0.95,22.752751048685383
4,0.0001,0.003,0.99,0.99,22.742833696526933
4,0.0001,0.0001,0.95,0.99,22.742492655286416
4,0.0001,0.003,0.999,0.9,22.557776570310583
4,0.0001,0.0001,0.99,0.9,22.542138582705878
16,0.0003,0.003,0.99,0.99,22.53379269858468
4,0.0001,0.001,0.999,0.9,22.39770791378461
4,0.0001,0.001,0.999,0.95,22.311701936146537
4,0.0001,0.0001,0.95,0.95,22.3058609383747
16,0.0003,0.0001,0.95,0.95,22.286329090470336
4,0.0001,0.001,0.95,0.9,22.176956577325356
4,0.0001,0.001,0.95,0.99,22.16532030389992
4,0.0001,0.003,0.95,0.9,22.07658445627628
4,0.0001,0.0001,0.99,0.99,21.90415395054829
4,0.0001,0.001,0.999,0.99,21.885144243420285
4,0.0001,0.001,0.95,0.95,21.810280275652534
16,0.0003,0.001,0.99,0.99,21.76198196592757
16,0.0003,0.0001,0.99,0.99,21.761907243216363
16,0.0003,0.001,0.95,0.95,21.69597842762482
16,0.0003,0.0001,0.95,0.99,21.486739580885892
4,0.0001,0.001,0.99,0.9,21.4669333260529
4,0.0001,0.0001,0.999,0.95,21.46049183594487
4,0.0001,0.0001,0.99,0.95,21.4114045829004
4,0.0001,0.0001,0.999,0.9,21.344631628748115
4,0.0001,0.003,0.95,0.99,21.232654894125798
4,0.0001,0.0001,0.999,0.99,21.22488948729269
16,0.0001,0.003,0.999,0.99,21.216626177262906
16,0.0001,0.001,0.999,0.99,21.21643651901476
16,0.0001,0.0001,0.999,0.99,21.216305484017717
16,0.0003,0.0001,0.999,0.99,21.154776592575658
4,0.0001,0.003,0.99,0.9,20.901750012851075
16,0.0003,0.001,0.999,0.99,20.630931406306136
8,0.0001,0.0001,0.999,0.99,20.543276542460355
16,0.0003,0.003,0.95,0.9,20.424448998590353
16,0.0003,0.003,0.999,0.99,20.417661730849645
16,0.0003,0.001,0.95,0.99,20.398456277229844
16,0.0003,0.0001,0.99,0.95,20.395425995537664
8,0.0001,0.001,0.99,0.99,20.36709523292421
16,0.0001,0.003,0.99,0.99,20.313684964542414
16,0.0001,0.001,0.99,0.99,20.31349482824949
16,0.0001,0.0001,0.99,0.99,20.313365690823865
16,0.0003,0.0001,0.95,0.9,20.308545822086693
16,0.0003,0.003,0.95,0.99,20.30005076221938
8,0.0001,0.003,0.95,0.9,20.242735473618055
16,0.0003,0.001,0.999,0.95,20.068423627861968
16,0.0003,0.0001,0.999,0.95,20.06776002145433
8,0.0001,0.003,0.999,0.99,19.982503333450865
8,0.0001,0.001,0.999,0.99,19.96529202809685
16,0.0003,0.001,0.99,0.95,19.93609179726171
8,0.0001,0.001,0.95,0.9,19.91727611248643
8,0.0001,0.0001,0.99,0.99,19.891895947254653
8,0.0001,0.003,0.99,0.95,19.8715761609576
8,0.0001,0.003,0.95,0.95,19.719033578283348
8,0.0001,0.0001,0.999,0.9,19.705529294716232
16,0.0003,0.001,0.999,0.9,19.69339666368684
16,0.0003,0.003,0.99,0.95,19.556769496580582
8,0.0001,0.0001,0.95,0.95,19.504503120350506
16,0.0003,0.003,0.95,0.95,19.442188122803334
16,0.0001,0.0001,0.999,0.95,19.39757129764625
16,0.0003,0.003,0.999,0.9,19.35721712346617
8,0.0001,0.0001,0.99,0.95,19.348571188338596
8,0.0001,0.001,0.95,0.99,19.28826753221745
8,0.0001,0.001,0.999,0.95,19.271257144511942
8,0.0001,0.003,0.95,0.99,19.261657282162
16,0.0001,0.003,0.99,0.95,19.10982609999937
16,0.0001,0.001,0.999,0.95,19.011493990350296
16,0.0001,0.001,0.95,0.95,18.999836022401446
16,0.0001,0.001,0.99,0.95,18.991553726805257
16,0.0001,0.0001,0.99,0.95,18.98869812233856
8,0.0001,0.003,0.999,0.95,18.982794287572418
16,0.0001,0.001,0.95,0.99,18.925477315365416
16,0.0001,0.0001,0.95,0.99,18.925243056752503
8,0.0001,0.003,0.999,0.9,18.89632587915107
16,0.0001,0.003,0.95,0.99,18.88683073617002
8,0.0001,0.001,0.99,0.9,18.846251960909214
16,0.0001,0.003,0.999,0.95,18.844960053136695
16,0.0003,0.003,0.999,0.95,18.817494206063266
8,0.0001,0.001,0.999,0.9,18.67930326080021
16,0.0003,0.001,0.99,0.9,18.51874171362
8,0.0001,0.0001,0.99,0.9,18.449090420437177
8,0.0001,0.0001,0.95,0.99,18.448371557499826
16,0.0001,0.0001,0.95,0.95,18.295951578088253
8,0.0001,0.0001,0.999,0.95,18.175386982567606
16,0.0003,0.001,0.95,0.9,18.12985991264703
8,0.0001,0.001,0.99,0.95,18.010831657312977
16,0.0003,0.0001,0.999,0.9,17.902165775389967
16,0.0001,0.001,0.95,0.9,17.869703876665856
8,0.0001,0.001,0.95,0.95,17.697387894907653
16,0.0001,0.003,0.95,0.95,17.632533778874514
16,0.0003,0.003,0.99,0.9,17.53891588425315
8,0.0001,0.003,0.99,0.9,17.506119996305898
8,0.0001,0.003,0.99,0.99,17.501130247865266
16,0.0003,0.0001,0.99,0.9,17.34185292653133
16,0.0001,0.0001,0.95,0.9,17.335908901493166
8,0.0001,0.0001,0.95,0.9,17.325850099428763
16,0.0001,0.0001,0.999,0.9,17.056790493845643
16,0.0001,0.003,0.95,0.9,17.039928371126123
16,0.0001,0.0001,0.99,0.9,16.901706391716303
16,0.0001,0.001,0.99,0.9,16.200501537713706
16,0.0001,0.001,0.999,0.9,15.635206482408552
16,0.0001,0.003,0.999,0.9,15.191844327812165
16,0.0001,0.003,0.99,0.9,15.155967152319024
